Lacey,Fultz
Reva,Weston
Rosaura,Guy
Leone,Donahue
Linnea,Earls
Sheilah,Whitmire
Lavera,Campos
Margarett,Cato
Lashaun,Metcalf
France,Broome
Maudie,Mccutcheon
Filiberto,Pugh
Rachele,Hannon
Ouida,Hollis
Amiee,Hundley
Mohammad,Sigler
Serafina,Davison
Ayana,Hinds
Nereida,Lattimore
Tessie,Starks
Georgette,Logue
Adele,Cline
Inge,Barham
Joel,Goldsmith
Colby,Pence
Beau,Wesley
Sanda,Ashley
Fermin,Tripp
Loyd,Ayres
Mel,Scholl
Dorthea,Treadwell
Rufina,Beard
Norene,Smithson
Sanora,Burgos
Dwain,Haag
Darcie,Markham
Delphine,Ledford
Maira,Jett
Davida,Rodrigue
Starla,Coppola
Herlinda,Breedlove
Aurelia,Noyes
Collen,Chang
Malvina,Aragon
Sparkle,Forsyth
Julianne,Keefer
Ja,Bradshaw
Siu,Beaudoin
Luciano,Burdick
Kellee,Ly
Porsche,Samson
Mauro,Saavedra
Birgit,Gilchrist
Marcelle,Baron
Mechelle,Christy
Vilma,Heard
Macy,Dasilva
Rodrigo,Carrington
Marilu,Cochran
Candi,Lawton
Jazmin,Slocum
Lupe,Lind
Monty,Evers
Maurice,Curtin
Starr,Quinlan
Tammara,Dickens
Humberto,Frederick
Zenobia,Staton
Cythia,Rosa
Petra,Costello
Dinorah,Halstead
Kristeen,Lindquist
Ninfa,Najera
Lyn,Moulton
Shaneka,Danner
Carlo,Weinstein
Jack,Vogel
Rona,Rankin
Zola,Mccullough
Williemae,Witte
Beatriz,Counts
Charlesetta,Rutherford
Vivien,Kunkel
Nenita,Hackett
Brooks,Lapointe
Sang,Sampson
Marica,Faber
Yolande,Shapiro
Cleotilde,Dahl
Towanda,Galvin
Daphine,Sawyer
Carisa,Pettit
Rosamond,Esposito
Stephany,Bliss
Voncile,Ibarra
Lenard,Gallagher
Laurine,Bourque
Corinne,Landis
Lisbeth,Sayre
Corrinne,Burr
